time/epoch_time,time/total_time,step
0.028966276168823243,28.96627926826477,1000
0.028882476806640626,57.84875845909119,2000
0.028906304597854614,86.75506591796875,3000
0.028623563051223756,115.3786313533783,4000
